"horsepower","enginesize","curbweight","citympg","highwaympg","carwidth","carlength","brand.audi","brand.bmw","brand.buick","brand.chevrolet","brand.dodge","brand.honda","brand.isuzu","brand.jaguar","brand.maxda","brand.mazda","brand.mercury","brand.mitsubishi","brand.nissan","brand.Nissan","brand.peugeot","brand.plymouth","brand.porcshce","brand.porsche","brand.renault","brand.saab","brand.subaru","brand.toyota","brand.toyouta","brand.vokswagen","brand.volkswagen","brand.volvo","brand.vw"
79.52,102.305084745763,2202.37423728814,29.0945762711864,34.8020338983051,64.6314237288136,166.521593220339,-2.08166817117217e-17,1.11022302462516e-16,1.11022302462516e-16,0.0254237288135594,0.0677966101694913,0.110169491525424,0.0338983050847457,-3.12250225675825e-17,0.0169491525423729,0.110169491525424,1.12757025938492e-17,0.0847457627118643,0.093220338983051,0.00847457627118644,-5.55111512312578e-17,0.0508474576271187,1.12757025938492e-17,-4.16333634234434e-17,8.67361737988404e-18,-3.12250225675825e-17,0.101694915254237,0.186440677966102,1.12757025938492e-17,0.00847457627118645,0.0677966101694915,-5.55111512312578e-17,0.0169491525423729
132.894736842105,148.671052631579,2931.55263157895,20.25,25.8815789473684,67.2197368421053,182.653947368421,0.0921052631578948,0.105263157894737,8.32667268468867e-17,-2.42861286636753e-17,0.0131578947368421,-2.77555756156289e-17,-3.46944695195361e-17,-2.42861286636753e-17,-1.21430643318376e-17,0.0263157894736842,0.0131578947368421,0.0394736842105263,0.0789473684210527,4.33680868994202e-18,0.144736842105263,0.0131578947368421,0.0131578947368421,0.0526315789473684,0.0263157894736842,0.0789473684210526,-2.08166817117217e-17,0.118421052631579,0.0131578947368421,4.33680868994202e-18,0.0131578947368422,0.144736842105263,-1.21430643318376e-17
157.181818181818,238.407272727273,3764.90909090909,17.4654545454545,20.4654545454545,70.7272727272727,195.194545454545,6.93889390390723e-18,0,0.727272727272727,5.20417042793042e-18,6.93889390390723e-18,-1.38777878078145e-17,0,0.272727272727273,1.73472347597681e-18,0,-1.73472347597681e-18,-1.38777878078145e-17,-2.77555756156289e-17,-1.73472347597681e-18,-2.08166817117217e-17,6.93889390390723e-18,-1.73472347597681e-18,0,1.73472347597681e-18,3.46944695195361e-18,0,0,-1.73472347597681e-18,-1.73472347597681e-18,6.93889390390723e-18,-2.08166817117217e-17,1.73472347597681e-18
